Multipole_ell,D_ell_LambdaCDM_Theory,D_ell_ECF_Theory
2,1174.6109517251903,713.0455510456712
3,1127.9259857332029,694.4462356380288
4,1095.9245355820754,687.6451258643365
5,1071.7211786272394,688.1138797079234
6,1052.335202927154,693.6388400932051
7,1036.2107159822215,702.8392818125483
8,1022.4352085113271,714.7099571506094
9,1010.4287901007639,728.4478916872047
10,999.8005950842573,743.3795815208077
11,990.2749990437691,758.9290577286455
12,981.6505642595848,774.6038020229197
13,973.7757315884035,789.9884190151635
14,966.5336904768363,804.7412449595009
15,959.8325665902256,818.5914993040802
16,953.5988351756778,831.3358225842085
17,947.7727683191088,842.8337292418634
18,942.3052076522241,853.001903314811
19,937.1552258298838,861.8074991277931
20,932.2883990038806,869.2607377117769
21,927.675508661138,875.4071457502839
22,923.2915511325323,880.3197885857451
23,919.1149714508988,884.0918177705229
24,915.1270633910482,886.8295993478146
25,911.311494368093,888.6466219596097
26,907.6539253673683,889.6583126517263
27,904.1417040646337,889.977819723591
28,900.7636149304057,889.7127611707108
29,897.5096741471493,888.9628874309195
30,894.3709600959813,887.8185698809059
31,891.339472320549,886.3600020529778
32,888.4080134741811,884.6569879747435
33,885.5700899568102,882.769189729705
34,882.8198278586677,880.7467122002463
35,880.1519015246932,878.6309147294269
36,877.5614725917485,876.4553549378958
37,875.0441377696022,874.2467872100854
38,872.5958839652025,872.0261558175987
39,870.2130496093079,869.80953906746
40,867.8922912509853,867.6090154302598
41,865.630554650741,865.4334348553649
42,863.4250497361414,863.2890882517386
43,861.2732288915888,861.1802754664795
44,859.1727681417306,859.1097772505514
45,857.121550859874,857.079239978806
46,855.1176536919423,855.0894836472393
47,853.159334435414,853.1407442627
48,851.2450216533053,851.2328614991187
49,849.3733058371295,849.3654217043853
50,847.5429319611309,847.5378652347179
51,845.7527932939298,845.7495658461705
52,844.0019263538154,843.9998886134166
53,842.289506910929,842.2882316588218
54,840.6148469540162,840.6140559101595
55,838.9773925516753,838.9769061867866
56,837.3767225484928,837.3764261466519
57,835.8125480453556,835.8123690026798
58,834.2847126208283,834.2846054222011
59,832.7931932569668,832.7931296391189
60,831.3381019384504,831.338064516539
61,829.9196878985825,829.9196660798043
62,828.5383404896683,828.5383278803197
63,827.1945926585613,827.1945854356378
64,825.8891250109117,825.889120909891
65,824.6227704498591,824.6227681418898
66,823.3965193766692,823.3965180892267
67,822.2115254421469,822.2115247303009
68,821.0691118386039,821.0691114484774
69,819.9707781227468,819.9707779108194
70,818.9182075601004,818.9182074459883
71,817.9132749815108,817.9132749206075
72,816.9580551419103,816.9580551096911
73,816.0548315708597,816.0548315539648
74,815.2061059034479,815.2061058946665
75,814.4146076789328,814.4146076744086
76,813.68330459302,813.6833045907096
77,813.0154131879814,813.0154131868119
78,812.41440996282,812.4144099622331
79,811.8840428834986,811.8840428832068
80,811.4283432707952,811.4283432706513
81,811.0516380406685,811.0516380405982
82,810.7585622691383,810.7585622691043
83,810.5540720505551,810.5540720505387
84,810.44345761483,810.4434576148221
85,810.4323566656841,810.4323566656805
86,810.5267678982644,810.5267678982627
87,810.7330646506201,810.7330646506193
88,811.0580086394824,811.0580086394821
89,811.5087637266286,811.5087637266283
90,812.0929096577864,812.0929096577863
91,812.8184557116366,812.8184557116366
92,813.6938541919477,813.6938541919477
93,814.7280136913135,814.7280136913135
94,815.9303120503386,815.9303120503386
95,817.3106089314884,817.3106089314884
96,818.8792579221944,818.8792579221944
97,820.647118077219,820.647118077219
98,822.6255648057926,822.6255648057926
99,824.8265000046151,824.8265000046151
100,827.2623613335894,827.2623613335894
101,829.9461305270557,829.9461305270557
102,832.8913406294749,832.8913406294749
103,836.1120820409124,836.1120820409124
104,839.623007254406,839.623007254406
105,843.4393341643774,843.4393341643774
106,847.5768478227233,847.5768478227233
107,852.051900517137,852.051900517137
108,856.8814100446158,856.8814100446158
109,862.0828560520533,862.0828560520533
110,867.6742743153384,867.6742743153384
111,873.6742488285261,873.6742488285261
112,880.1019015754825,880.1019015754825
113,886.9768798579337,886.9768798579337
114,894.3193410561532,894.3193410561532
115,902.1499347016338,902.1499347016338
116,910.4897817450116,910.4897817450116
117,919.3604509073411,919.3604509073411
118,928.7839320085288,928.7839320085288
119,938.7826061733988,938.7826061733988
120,949.3792128234661,949.3792128234661
121,960.5968133711018,960.5968133711018
122,972.4587515423433,972.4587515423433
123,984.9886102652116,984.9886102652116
124,998.2101650719701,998.2101650719701
125,1012.147333976381,1012.147333976381
126,1026.8241238005826,1026.8241238005826
127,1042.264572940792,1042.264572940792
128,1058.492690576543,1058.492690576543
129,1075.5323923446128,1075.5323923446128
130,1093.4074325161064,1093.4074325161064
131,1112.1413327333019,1112.1413327333019
132,1131.757307381796,1131.757307381796
133,1152.2781856931147,1152.2781856931147
134,1173.7263306932175,1173.7263306932175
135,1196.1235551331636,1196.1235551331636
136,1219.49103455948,1219.49103455948
137,1243.849217703451,1243.849217703451
138,1269.217734390464,1269.217734390464
139,1295.615301192619,1295.615301192619
140,1323.059625069924,1323.059625069924
141,1351.5673052673994,1351.5673052673994
142,1381.1537337571997,1381.1537337571997
143,1411.8329945362784,1411.8329945362784
144,1443.617762111018,1443.617762111018
145,1476.5191995204998,1476.5191995204998
146,1510.5468562695303,1510.5468562695303
147,1545.7085665610223,1545.7085665610223
148,1582.0103482346829,1582.0103482346829
149,1619.4563028350851,1619.4563028350851
150,1658.0485172468611,1658.0485172468611
151,1697.7869673478704,1697.7869673478704
152,1738.669424142589,1738.669424142589
153,1780.6913628474801,1780.6913628474801
154,1823.8458754076512,1823.8458754076512
155,1868.1235869294617,1868.1235869294617
156,1913.512576516914,1913.512576516914
157,1959.9983030003868,1959.9983030003868
158,2007.5635360445795,2007.5635360445795
159,2056.1882931182436,2056.1882931182436
160,2105.849782801332,2105.849782801332
161,2156.5223548955837,2156.5223548955837
162,2208.177457792089,2208.177457792089
163,2260.783603534228,2260.783603534228
164,2314.3063409962842,2314.3063409962842
165,2368.7082375772084,2368.7082375772084
166,2423.9488697853026,2423.9488697853026
167,2479.9848230631906,2479.9848230631906
168,2536.7697011732403,2536.7697011732403
169,2594.2541454318243,2594.2541454318243
170,2652.3858640464205,2652.3858640464205
171,2711.1096717727673,2711.1096717727673
172,2770.3675400701486,2770.3675400701486
173,2830.098657891631,2830.098657891631
174,2890.2395032027916,2890.2395032027916
175,2950.723925277391,2950.723925277391
176,3011.4832377717894,3011.4832377717894
177,3072.4463225318323,3072.4463225318323
178,3133.5397440367174,3133.5397440367174
179,3194.6878743342845,3194.6878743342845
180,3255.813028271402,3255.813028271402
181,3316.83560877205,3316.83560877205
182,3377.6742618645203,3377.6742618645203
183,3438.246041108212,3438.246041108212
184,3498.466581020021,3498.466581020021
185,3558.2502790507465,3558.2502790507465
186,3617.5104856133617,3617.5104856133617
187,3676.1597016179435,3676.1597016179435
188,3734.109782922673,3734.109782922673
189,3791.2721510669494,3791.2721510669494
190,3847.5580096116287,3847.5580096116287
191,3902.8785653729587,3902.8785653729587
192,3957.145253801158,3957.145253801158
193,4010.26996772216,4010.26996772216
194,4062.165288631914,4062.165288631914
195,4112.744719707152,4112.744719707152
196,4161.922919674807,4161.922919674807
197,4209.6159366645825,4209.6159366645825
198,4255.741441155571,4255.741441155571
199,4300.218957118616,4300.218957118616
200,4342.970090451223,4342.970090451223
201,4383.918753801491,4383.918753801491
202,4422.991386881795,4422.991386881795
203,4460.117171381744,4460.117171381744
204,4495.228239603394,4495.228239603394
205,4528.259875959762,4528.259875959762
206,4559.1507105001965,4559.1507105001965
207,4587.842903653224,4587.842903653224
208,4614.28232140888,4614.28232140888
209,4638.418700198049,4638.418700198049
210,4660.205800766038,4660.205800766038
211,4679.601550381016,4679.601550381016
212,4696.5681727650945,4696.5681727650945
213,4711.0723051863,4711.0723051863
214,4723.085102203286,4723.085102203286
215,4732.58232561112,4732.58232561112
216,4739.544420195398,4739.544420195398
217,4743.956574963178,4743.956574963178
218,4745.808769582203,4745.808769582203
219,4745.095805824497,4745.095805824497
220,4741.817323876096,4741.817323876096
221,4735.977803441168,4735.977803441168
222,4727.586549635685,4727.586549635685
223,4716.657663732693,4716.657663732693
224,4703.209998887882,4703.209998887882
225,4687.26710103988,4687.26710103988
226,4668.857135244572,4668.857135244572
227,4648.0127977659195,4648.0127977659195
228,4624.771214307309,4624.771214307309
229,4599.173824826723,4599.173824826723
230,4571.266255435874,4571.266255435874
231,4541.098177937493,4541.098177937493
232,4508.723157605921,4508.723157605921
233,4474.198489863746,4474.198489863746
234,4437.585026551271,4437.585026551271
235,4398.946992525758,4398.946992525758
236,4358.35179336363,4358.35179336363
237,4315.869814970718,4315.869814970718
238,4271.574215933394,4271.574215933394
239,4225.540713466614,4225.540713466614
240,4177.847363833567,4177.847363833567
241,4128.574338125806,4128.574338125806
242,4077.803694302166,4077.803694302166
243,4025.6191463897285,4025.6191463897285
244,3972.1058317503907,3972.1058317503907
245,3917.350077312399,3917.350077312399
246,3861.439165657591,3861.439165657591
247,3804.461101842151,3804.461101842151
248,3746.504381811564,3746.504381811564
249,3687.657763249318,3687.657763249318
250,3628.0100396739444,3628.0100396739444
251,3567.6498185704013,3567.6498185704013
252,3506.665304309803,3506.665304309803
253,3445.1440865763707,3445.1440865763707
254,3383.1729349824027,3383.1729349824027
255,3320.8376005114105,3320.8376005114105
256,3258.222624386508,3258.222624386508
257,3195.411154916056,3195.411154916056
258,3132.48477282171,3132.48477282171
259,3069.5233255056714,3069.5233255056714
260,3006.6047706644945,3006.6047706644945
261,2943.805029606425,2943.805029606425
262,2881.197850578354,2881.197850578354
263,2818.854682357349,2818.854682357349
264,2756.844558310548,2756.844558310548
265,2695.233991076454,2695.233991076454
266,2634.0868779704306,2634.0868779704306
267,2573.464417167863,2573.464417167863
268,2513.4250346702097,2513.4250346702097
269,2454.024322012283,2454.024322012283
270,2395.314984623774,2395.314984623774
271,2337.346800714498,2337.346800714498
272,2280.166590511264,2280.166590511264
273,2223.818195634838,2223.818195634838
274,2168.342468368297,2168.342468368297
275,2113.777270533393,2113.777270533393
276,2060.1574816593293,2060.1574816593293
277,2007.5150160987894,2007.5150160987894
278,1955.8788487192805,1955.8788487192805
279,1905.2750487737007,1905.2750487737007
280,1855.7268215328302,1855.7268215328302
281,1807.2545572439626,1807.2545572439626
282,1759.8758869642948,1759.8758869642948
283,1713.6057448048482,1713.6057448048482
284,1668.4564361106593,1668.4564361106593
285,1624.4377110956655,1624.4377110956655
286,1581.5568434460272,1581.5568434460272
287,1539.8187134035552,1539.8187134035552
288,1499.2258948413198,1499.2258948413198
289,1459.7787458463026,1459.7787458463026
290,1421.4755023290334,1421.4755023290334
291,1384.3123741873546,1384.3123741873546
292,1348.2836435607196,1348.2836435607196
293,1313.3817647225364,1313.3817647225364
294,1279.5974651709307,1279.5974651709307
295,1246.9198474927805,1246.9198474927805
296,1215.3364915917466,1215.3364915917466
297,1184.833556888224,1184.833556888224
298,1155.395884117459,1155.395884117459
299,1127.0070963713756,1127.0070963713756
300,1099.6496990497922,1099.6496990497922
301,1073.3051784075003,1073.3051784075003
302,1047.9540984050452,1047.9540984050452
303,1023.5761955927339,1023.5761955927339
304,1000.1504717794077,1000.1504717794077
305,977.6552842595597,977.6552842595597
306,956.0684333944944,956.0684333944944
307,935.3672473651174,935.3672473651174
308,915.5286639356677,915.5286639356677
309,896.5293090890154,896.5293090890154
310,878.3455724150255,878.3455724150255
311,860.9536791538386,860.9536791538386
312,844.3297588155991,844.3297588155991
313,828.4499103171875,828.4499103171875
314,813.2902635947255,813.2902635947255
315,798.8270376680539,798.8270376680539
316,785.036595149904,785.036595149904
317,771.8954932081064,771.8954932081064
318,759.3805310038526,759.3805310038526
319,747.4687936427191,747.4687936427191
320,736.1376926878655,736.1376926878655
321,725.3650032965239,725.3650032965239
322,715.1288980515789,715.1288980515789
323,705.4079775697348,705.4079775697348
324,696.1812979764472,696.1812979764472
325,687.4283953455079,687.4283953455079
326,679.1293072079064,679.1293072079064
327,671.2645912404043,671.2645912404043
328,663.8153412491231,663.8153412491231
329,656.7632005674778,656.7632005674778
330,650.0903729909215,650.0903729909215
331,643.7796313733352,643.7796313733352
332,637.8143240114618,637.8143240114618
333,632.1783789446458,632.1783789446458
334,626.856306297308,626.856306297308
335,621.8331987911151,621.8331987911151
336,617.0947305527473,617.0947305527473
337,612.6271543415606,612.6271543415606
338,608.4172973193369,608.4172973193369
339,604.4525554817544,604.4525554817544
340,600.7208868682512,600.7208868682512
341,597.2108036636206,597.2108036636206
342,593.911363301036,593.911363301036
343,590.8121586722788,590.8121586722788
344,587.9033075467868,587.9033075467868
345,585.1754412967852,585.1754412967852
346,582.6196930212635,582.6196930212635
347,580.2276851569211,580.2276851569211
348,577.9915166594959,577.9915166594959
349,575.9037498341185,575.9037498341185
350,573.9573968885371,573.9573968885371
351,572.1459062782707,572.1459062782707
352,570.4631489079818,570.4631489079818
353,568.9034042486552,568.9034042486552
354,567.4613464255276,567.4613464255276
355,566.1320303271754,566.1320303271754
356,564.9108777817377,564.9108777817377
357,563.7936638419403,563.7936638419403
358,562.7765032164272,562.7765032164272
359,561.8558368808845,561.8558368808845
360,561.028418898593,561.028418898593
361,560.2913034763525,560.2913034763525
362,559.6418322782108,559.6418322782108
363,559.0776220160978,559.0776220160978
364,558.5965523333122,558.5965523333122
365,558.1967539938389,558.1967539938389
366,557.8765973876995,557.8765973876995
367,557.6346813599343,557.6346813599343
368,557.4698223684011,557.4698223684011
369,557.381043973347,557.381043973347
370,557.3675666596475,557.3675666596475
371,557.4287979907257,557.4287979907257
372,557.5643230914545,557.5643230914545
373,557.773895455792,557.773895455792
374,558.0574280735071,558.0574280735071
375,558.4149848691189,558.4149848691189
376,558.8467724450724,558.8467724450724
377,559.3531321202257,559.3531321202257
378,559.9345322539003,559.9345322539003
379,560.5915608450458,560.5915608450458
380,561.3249183955019,561.3249183955019
381,562.1354110258656,562.1354110258656
382,563.0239438321199,563.0239438321199
383,563.9915144709076,563.9915144709076
384,565.0392069611751,565.0392069611751
385,566.1681856898083,566.1681856898083
386,567.3796896088926,567.3796896088926
387,568.6750266122707,568.6750266122707
388,570.055568079222,570.055568079222
389,571.5227435732605,571.5227435732605
390,573.0780356842985,573.0780356842985
391,574.7229750027149,574.7229750027149
392,576.4591352142047,576.4591352142047
393,578.2881283046567,578.2881283046567
394,580.2115998647243,580.2115998647243
395,582.2312244841903,582.2312244841903
396,584.3487012266946,584.3487012266946
397,586.5657491758858,586.5657491758858
398,588.8841030445643,588.8841030445643
399,591.3055088389118,591.3055088389118
400,593.831719570439,593.831719570439
401,596.4644910088282,596.4644910088282
402,599.2055774694112,599.2055774694112
403,602.0567276295722,602.0567276295722
404,605.019680368938,605.019680368938
405,608.0961606287743,608.0961606287743
406,611.287875286577,611.287875286577
407,614.5965090423981,614.5965090423981
408,618.0237203140134,618.0237203140134
409,621.5711371385753,621.5711371385753
410,625.240353078949,625.240353078949
411,629.0329231334576,629.0329231334576
412,632.9503596482874,632.9503596482874
413,636.9941282323239,636.9941282323239
414,641.1656436746857,641.1656436746857
415,645.4662658657228,645.4662658657228
416,649.8972957227161,649.8972957227161
417,654.4599711219832,654.4599711219832
418,659.1554628395544,659.1554628395544
419,663.9848705029999,663.9848705029999
420,668.9492185574298,668.9492185574298
421,674.049452249081,674.049452249081
422,679.2864336302927,679.2864336302927
423,684.6609375900533,684.6609375900533
424,690.1736479146424,690.1736479146424
425,695.8251533832359,695.8251533832359
426,701.6159439036578,701.6159439036578
427,707.5464066937573,707.5464066937573
428,713.6168225141757,713.6168225141757
429,719.8273619585233,719.8273619585233
430,726.1780818072268,726.1780818072268
431,732.6689214515296,732.6689214515296
432,739.2996993943301,739.2996993943301
433,746.0701098347113,746.0701098347113
434,752.9797193431863,752.9797193431863
435,760.0279636348092,760.0279636348092
436,767.2141444474205,767.2141444474205
437,774.5374265323896,774.5374265323896
438,781.996834765281,781.996834765281
439,789.5912513839243,789.5912513839243
440,797.3194133613927,797.3194133613927
441,805.1799099213883,805.1799099213883
442,813.1711802035255,813.1711802035255
443,821.291511085946,821.291511085946
444,829.5390351726404,829.5390351726404
445,837.9117289527583,837.9117289527583
446,846.4074111390701,846.4074111390701
447,855.0237411926217,855.0237411926217
448,863.7582180404396,863.7582180404396
449,872.6081789929847,872.6081789929847
450,881.570798867834,881.570798867834
451,890.6430893258424,890.6430893258424
452,899.8218984257894,899.8218984257894
453,909.103910403244,909.103910403244
454,918.48564567908,918.48564567908
455,927.9634611027676,927.9634611027676
456,937.5335504352256,937.5335504352256
457,947.1919450756643,947.1919450756643
458,956.9345150364717,956.9345150364717
459,966.7569701698117,966.7569701698117
460,976.6548616491684,976.6548616491684
461,986.6235837086698,986.6235837086698
462,996.658375642552,996.658375642552
463,1006.7543240666827,1006.7543240666827
464,1016.9063654435708,1016.9063654435708
465,1027.1092888718126,1027.1092888718126
466,1037.3577391404124,1037.3577391404124
467,1047.646220047905,1047.646220047905
468,1057.9690979856816,1057.9690979856816
469,1068.3206057843922,1068.3206057843922
470,1078.6948468217445,1078.6948468217445
471,1089.0857993894822,1089.0857993894822
472,1099.4873213167664,1099.4873213167664
473,1109.8931548466253,1109.8931548466253
474,1120.2969317615787,1120.2969317615787
475,1130.6921787539834,1130.6921787539834
476,1141.07232303608,1141.07232303608
477,1151.4306981841669,1151.4306981841669
478,1161.7605502107651,1161.7605502107651
479,1172.0550438580945,1172.0550438580945
480,1182.3072691056202,1182.3072691056202
481,1192.5102478839153,1192.5102478839153
482,1202.656940986527,1202.656940986527
483,1212.7402551710406,1212.7402551710406
484,1222.7530504400158,1222.7530504400158
485,1232.6881474919828,1232.6881474919828
486,1242.5383353322031,1242.5383353322031
487,1252.2963790324513,1252.2963790324513
488,1261.9550276286145,1261.9550276286145
489,1271.5070221444992,1271.5070221444992
490,1280.945103729822,1280.945103729822
491,1290.2620218999846,1290.2620218999846
492,1299.4505428648765,1299.4505428648765
493,1308.503457933617,1308.503457933617
494,1317.4135919818298,1317.4135919818298
495,1326.1738119677907,1326.1738119677907
496,1334.777035483498,1334.777035483498
497,1343.2162393265269,1343.2162393265269
498,1351.4844680783153,1351.4844680783153
499,1359.5748426743626,1359.5748426743626
500,1367.4805689517066,1367.4805689517066
501,1375.194946158931,1375.194946158931
502,1382.7113754138818,1382.7113754138818
503,1390.0233680942565,1390.0233680942565
504,1397.1245541461997,1397.1245541461997
505,1404.008690296101,1404.008690296101
506,1410.6696681508263,1410.6696681508263
507,1417.1015221717348,1417.1015221717348
508,1423.2984375079554,1423.2984375079554
509,1429.254757674571,1429.254757674571
510,1434.9649920615486,1434.9649920615486
511,1440.4238232595012,1440.4238232595012
512,1445.626114188628,1445.626114188628
513,1450.5669150174704,1450.5669150174704
514,1455.2414698584776,1455.2414698584776
515,1459.6452232277081,1459.6452232277081
516,1463.773826256416,1463.773826256416
517,1467.6231426426773,1467.6231426426773
518,1471.1892543316696,1471.1892543316696
519,1474.4684669137073,1474.4684669137073
520,1477.4573147296226,1477.4573147296226
521,1480.1525656736446,1480.1525656736446
522,1482.551225684464,1482.551225684464
523,1484.6505429157573,1484.6505429157573
524,1486.4480115780634,1486.4480115780634
525,1487.9413754445002,1487.9413754445002
526,1489.1286310134835,1489.1286310134835
527,1490.008030322244,1490.008030322244
528,1490.5780834056254,1490.5780834056254
529,1490.8375603953396,1490.8375603953396
530,1490.7854932555445,1490.7854932555445
531,1490.4211771513299,1490.4211771513299
532,1489.7441714474191,1489.7441714474191
533,1488.7543003351125,1488.7543003351125
534,1487.4516530862377,1487.4516530862377
535,1485.8365839336118,1485.8365839336118
536,1483.9097115782372,1483.9097115782372
537,1481.6719183242226,1481.6719183242226
538,1479.12434884311,1479.12434884311
539,1476.2684085700675,1476.2684085700675
540,1473.1057617350864,1473.1057617350864
541,1469.638329033062,1469.638329033062
542,1465.868284937342,1465.868284937342
543,1461.7980546620004,1461.7980546620004
544,1457.430310778804,1457.430310778804
545,1452.7679694954786,1452.7679694954786
546,1447.8141866025464,1447.8141866025464
547,1442.572353096631,1442.572353096631
548,1437.0460904887339,1437.0460904887339
549,1431.239245806586,1431.239245806586
550,1425.1558863007344,1425.1558863007344
551,1418.800293864573,1418.800293864573
552,1412.1769591790385,1412.1769591790385
553,1405.2905755931922,1405.2905755931922
554,1398.1460327523635,1398.1460327523635
555,1390.7484099859678,1390.7484099859678
556,1383.102969467522,1383.102969467522
557,1375.215149159749,1375.215149159749
558,1367.090555558006,1367.090555558006
559,1358.7349562455902,1358.7349562455902
560,1350.1542722747472,1350.1542722747472
561,1341.3545703874577,1341.3545703874577
562,1332.3420550902865,1332.3420550902865
563,1323.1230605977667,1323.1230605977667
564,1313.7040426589238,1313.7040426589238
565,1304.0915702816637,1304.0915702816637
566,1294.2923173698327,1294.2923173698327
567,1284.3130542877802,1284.3130542877802
568,1274.1606393672914,1274.1606393672914
569,1263.8420103717071,1263.8420103717071
570,1253.3641759320167,1253.3641759320167
571,1242.7342069695987,1242.7342069695987
572,1231.959228120179,1231.959228120179
573,1221.0464091734073,1221.0464091734073
574,1210.0029565422924,1210.0029565422924
575,1198.836104776496,1198.836104776496
576,1187.5531081332679,1187.5531081332679
577,1176.1612322195108,1176.1612322195108
578,1164.6677457181918,1164.6677457181918
579,1153.079912211965,1153.079912211965
580,1141.4049821165495,1141.4049821165495
581,1129.650184736007,1129.650184736007
582,1117.822720451699,1117.822720451699
583,1105.9297530562517,1105.9297530562517
584,1093.9784022434571,1093.9784022434571
585,1081.975736264554,1081.975736264554
586,1069.9287647608842,1069.9287647608842
587,1057.844431782412,1057.844431782412
588,1045.72960900111,1045.72960900111
589,1033.5910891276922,1033.5910891276922
590,1021.4355795396432,1021.4355795396432
591,1009.2696961279756,1009.2696961279756
592,997.0999573695824,997.0999573695824
593,984.9327786315131,984.9327786315131
594,972.7744667129459,972.7744667129459
595,960.6312146300659,960.6312146300659
596,948.5090966484902,948.5090966484902
597,936.4140635673385,936.4140635673385
598,924.351938258456,924.351938258456
599,912.3284114637618,912.3284114637618
600,900.3490378531238,900.3490378531238
601,888.4192323446084,888.4192323446084
602,876.5442666884147,876.5442666884147
603,864.7292663152573,864.7292663152573
604,852.9792074494287,852.9792074494287
605,841.2989144862598,841.2989144862598
606,829.693057633175,829.693057633175
607,818.1661508130495,818.1661508130495
608,806.7225498280812,806.7225498280812
609,795.3664507819259,795.3664507819259
610,784.1018887573802,784.1018887573802
611,772.9327367464574,772.9327367464574
612,761.8627048292747,761.8627048292747
613,750.8953395977633,750.8953395977633
614,740.0340238198182,740.0340238198182
615,729.2819763391386,729.2819763391386
616,718.6422522056424,718.6422522056424
617,708.1177430310233,708.1177430310233
618,697.7111775636861,697.7111775636861
619,687.4251224770104,687.4251224770104
620,677.2619833646144,677.2619833646144
621,667.224005936044,667.224005936044
622,657.3132774060653,657.3132774060653
623,647.5317280705385,647.5317280705385
624,637.8811330616576,637.8811330616576
625,628.3631142751592,628.3631142751592
626,618.9791424619699,618.9791424619699
627,609.7305394766164,609.7305394766164
628,600.618480674624,600.618480674624
629,591.6439974510342,591.6439974510342
630,582.8079799121059,582.8079799121059
631,574.1111796722101,574.1111796722101
632,565.5542127679063,565.5542127679063
633,557.1375626811637,557.1375626811637
634,548.8615834637089,548.8615834637089
635,540.7265029544983,540.7265029544983
636,532.732426082352,532.732426082352
637,524.8793382458559,524.8793382458559
638,517.1671087626928,517.1671087626928
639,509.5954943806707,509.5954943806707
640,502.16414284280603,502.16414284280603
641,494.87259649894753,494.87259649894753
642,487.7202959565451,487.7202959565451
643,480.7065837633219,480.7065837633219
644,473.8307081147598,473.8307081147598
645,467.0918265794678,467.0918265794678
646,460.48900983568933,460.48900983568933
647,454.0212454123828,454.0212454123828
648,447.68744142850846,447.68744142850846
649,441.48643032435507,441.48643032435507
650,435.41697257895123,435.41697257895123
651,429.4777604078231,429.4777604078231
652,423.66742143558207,423.66742143558207
653,417.98452233805136,417.98452233805136
654,412.4275724488783,412.4275724488783
655,406.9950273258073,406.9950273258073
656,401.6852922720318,401.6852922720318
657,396.4967258082817,396.4967258082817
658,391.4276430915465,391.4276430915465
659,386.47631927657426,386.47631927657426
660,381.6409928165355,381.6409928165355
661,376.9198686994765,376.9198686994765
662,372.31112161743386,372.31112161743386
663,367.8128990653211,367.8128990653211
664,363.42332436693664,363.42332436693664
665,359.1404996256751,359.1404996256751
666,354.9625085977612,354.9625085977612
667,350.8874194860531,350.8874194860531
668,346.91328765268315,346.91328765268315
669,343.03815824903126,343.03815824903126
670,339.2600687617365,339.2600687617365
671,335.57705147366556,335.57705147366556
672,331.987135838962,331.987135838962
673,328.4883507714994,328.4883507714994
674,325.07872684625335,325.07872684625335
675,321.7562984132967,321.7562984132967
676,318.5191056243014,318.5191056243014
677,315.3651963716036,315.3651963716036
678,312.2926281400581,312.2926281400581
679,309.29946977206254,309.29946977206254
680,306.38380314629217,306.38380314629217
681,303.54372477082364,303.54372477082364
682,300.77734729146897,300.77734729146897
683,298.0828009162703,298.0828009162703
684,295.45823475722796,295.45823475722796
685,292.9018180904526,292.9018180904526
686,290.4117415360377,290.4117415360377
687,287.98621815905216,287.98621815905216
688,285.6234844931452,285.6234844931452
689,283.3218014883421,283.3218014883421
690,281.0794553846893,281.0794553846893
691,278.89475851348016,278.89475851348016
692,276.7660500278557,276.7660500278557
693,274.6916965646371,274.6916965646371
694,272.67009283929417,272.67009283929417
695,270.6996621760039,270.6996621760039
696,268.77885697478973,268.77885697478973
697,266.90615911776484,266.90615911776484
698,265.08008031653327,265.08008031653327
699,263.2991624028195,263.2991624028195
700,261.56197756441753,261.56197756441753
701,259.8671285285572,259.8671285285572
702,258.21324869479326,258.21324869479326
703,256.5990022195242,256.5990022195242
704,255.0230840542389,255.0230840542389
705,253.484219939588,253.484219939588
706,251.98116635735715,251.98116635735715
707,250.5127104424076,250.5127104424076
708,249.07766985662568,249.07766985662568
709,247.6748926269011,247.6748926269011
710,246.3032569491272,246.3032569491272
711,244.96167096017976,244.96167096017976
712,243.64907247981034,243.64907247981034
713,242.3644287243381,242.3644287243381
714,241.10673599400067,241.10673599400067
715,239.87501933577522,239.87501933577522
716,238.66833218343973,238.66833218343973
717,237.48575597660485,237.48575597660485
718,236.32639976039337,236.32639976039337
719,235.18939976740586,235.18939976740586
720,234.07391898355334,234.07391898355334
721,232.97914669929682,232.97914669929682
722,231.90429804777742,231.90429804777742
723,230.848613531272,230.848613531272
724,229.81135853735904,229.81135853735904
725,228.7918228461222,228.7918228461222
726,227.78932012967684,227.78932012967684
727,226.80318744523967,226.80318744523967
728,225.83278472292156,225.83278472292156
729,224.87749424936328,224.87749424936328
730,223.93672014828584,223.93672014828584
731,223.00988785897715,223.00988785897715
732,222.09644361367967,222.09644361367967
733,221.195853914803,221.195853914803
734,220.30760501282631,220.30760501282631
735,219.4312023857141,219.4312023857141
736,218.56617022061695,218.56617022061695
737,217.71205089858282,217.71205089858282
738,216.86840448295968,216.86840448295968
739,216.0348082121241,216.0348082121241
740,215.2108559971271,215.2108559971271
741,214.39615792480726,214.39615792480726
742,213.5903397668754,213.5903397668754
743,212.7930424954426,212.7930424954426
744,212.00392180541536,212.00392180541536
745,211.22264764415183,211.22264764415183
746,210.44890374873157,210.44890374873157
747,209.68238719115888,209.68238719115888
748,208.92280793178577,208.92280793178577
749,208.1698883812062,208.1698883812062
750,207.42336297084614,207.42336297084614
751,206.6829777324395,206.6829777324395
752,205.9484898865568,205.9484898865568
753,205.21966744032102,205.21966744032102
754,204.49628879442372,204.49628879442372
755,203.77814235952857,203.77814235952857
756,203.06502618212392,203.06502618212392
757,202.3567475798694,202.3567475798694
758,201.65312278645476,201.65312278645476
759,200.9539766059748,200.9539766059748
760,200.25914207680202,200.25914207680202
761,199.56846014492535,199.56846014492535
762,198.8817793467029,198.8817793467029
763,198.1989555009652,198.1989555009652
764,197.5198514103921,197.5198514103921
765,196.84433657206756,196.84433657206756
766,196.1722868971147,196.1722868971147
767,195.50358443929287,195.50358443929287
768,194.83811713243483,194.83811713243483
769,194.1757785365914,194.1757785365914
770,193.5164675927411,193.5164675927411
771,192.86008838591837,192.86008838591837
772,192.20654991660328,192.20654991660328
773,191.55576588021458,191.55576588021458
774,190.9076544545387,190.9076544545387
775,190.26213809492452,190.26213809492452
776,189.61914333707216,189.61914333707216
777,188.97860060723607,188.97860060723607
778,188.3404440396665,188.3404440396665
779,187.7046113011046,187.7046113011046
780,187.07104342215138,187.07104342215138
781,186.43968463532573,186.43968463532573
782,185.8104822196269,185.8104822196269
783,185.18338635141927,185.18338635141927
784,184.55834996145273,184.55834996145273
785,183.93532859783988,183.93532859783988
786,183.31428029480375,183.31428029480375
787,182.6951654470187,182.6951654470187
788,182.0779466893655,182.0779466893655
789,181.46258878192154,181.46258878192154
790,180.8490585000152,180.8490585000152
791,180.23732452916894,180.23732452916894
792,179.6273573647643,179.6273573647643
793,179.0191292162615,179.0191292162615
794,178.41261391580824,178.41261391580824
795,177.80778683108136,177.80778683108136
796,177.2046247821999,177.2046247821999
797,176.60310596255925,176.60310596255925
798,176.00320986343354,176.00320986343354
799,175.40491720220194,175.40491720220194
